,post_id,comment_id,user_id,date,likes,text
0,698,699,375376551,1480408965,1,"–¢–∞–∫ –∏ –∑–∞–¥—É–º–∞–Ω–æ, —á—Ç–æ –≤—Å–µ —Å—Å—ã–ª–∫–∏ –±–∏—Ç—ã–µ?"
1,698,700,336340028,1480414409,0,"[id375376551|Juli], —Å–ø–∞—Å–∏–±–æ –∑–∞ –∏–Ω—Ñ–æ—Ä–º–∞—Ü–∏—é, –Ω–∞ —Å–∞–π—Ç–µ –ø—Ä–æ–±–ª–µ–º–∞, —á–∏–Ω–∏–º!"
2,698,701,375376551,1480416213,0,"[id336340028|–°–µ—Ä–≥–µ–π], —Å–ø–∞—Å–∏–±–æ, —Ç–µ–ø–µ—Ä—å –≤—Ä–æ–¥–µ –æ—Ç–∫—Ä—ã–≤–∞–µ—Ç—Å—è."
3,725,726,173458547,1481357005,1,"–ë—É–¥—å—Ç–µ –ø—Ä–æ—â–µ, –µ—Å–ª–∏ —á—Ç–æ —Ç–æ –Ω–µ –ø–æ–ª—É—á–∞–µ—Ç—Å—è, –∂–∏–∑–Ω—å –Ω–∞ —ç—Ç–æ–º –Ω–µ –∑–∞–∫–∞–Ω—á–∏–≤–∞–µ—Ç—Å—è, –ø–æ–º–Ω–∏—Ç–µ –æ–± —ç—Ç–æ–º, –¥–≤–∏–≥–∞–π—Ç–µ—Å—å –≤—Å–µ–≥–¥–∞ –≤–ø–µ—Ä–µ–¥üòäüòâ"
4,725,727,173458547,1481357246,0,"–ó–∞–ø–∏—Å—ã–≤–∞–π—Ç–µ —Å–≤–æ–∏ —Ü–µ–ª–∏ –∏ –ø–æ–¥—Ä–æ–±–Ω—ã–π –ø–ª–∞–Ω, —á—Ç–æ –±—ã –Ω–µ —Å–±–∏—Ç—å—Å—è —Å –ø—É—Ç–∏.. –°—Ç–∞–≤—å—Ç–µ —Å—Ä–æ–∫–∏ –ø–æ –¥–æ—Å—Ç–∏–∂–µ–Ω–∏—é –∏ –∫–∞–∂–¥—ã–π –±–æ–∂–∏–π –¥–µ–Ω—å –≤—ã–ø–æ–ª–Ω—è–π—Ç–µ –æ–¥–Ω–æ –∏–∑ –≤–∞–∂–Ω—ã—Ö –¥–µ–ª, –Ω–µ –≥—Ä—É–∑–∏—Ç–µ —Å–µ–±—è –±–æ–ª—å—à–∏–º —Å–ø–∏—Å–∫–æ–º –¥–µ–ª) –Ω–µ —Å–¥–µ–ª–∞–ª–∏, –Ω–µ –∫–æ—Ä–∏—Ç–µ —Å–µ–±—è, –±—É–¥—å—Ç–µ –ø—Ä–æ—â–µüòäüòäüòâ"
5,705,706,137922684,1480583405,0,–û–Ω–∞ —Ç–∞–∫–∞—è —Ä–∞–∑–¥—Ä–∞–∂–∞—é—â–∞—è. –ü–æ—Ö–æ–∂–∞ –Ω–∞ –≤–µ–¥—É—â–∏—Ö —É—Ç—Ä–µ–Ω–Ω–∏—Ö –ø–µ—Ä–µ–¥–∞—á
6,705,707,155064123,1480592690,1,–û—Ç–ª–∏—á–Ω—ã–π –∫—É—Ä—Å! –ò–Ω—Ñ–æ—Ä–º–∞—Ü–∏—è –ø–æ–ª–µ–∑–Ω–∞—è –∏  –∏–∑–ª–æ–∂–µ–Ω–∞ –¥–æ—Å—Ç—É–ø–Ω—ã–º —è–∑—ã–∫–æ–º
7,702,703,44966723,1480442820,1,"–ü—Ä–æ–π–¥–∏—Ç–µ, –ø–æ–∂–∞–ª—É–π—Å—Ç–∞, –Ω–∞—à –æ–ø—Ä–æ—Å)–ú—ã —Å—Ç—É–¥–µ–Ω—Ç—ã –≠–∫–æ–Ω–æ–º–∏—á–µ—Å–∫–æ–≥–æ —Ñ–∞–∫—É–ª—å—Ç–µ—Ç–∞ –ú–ì–£ –∏–º. –ú.–í. –õ–æ–º–æ–Ω–æ—Å–æ–≤–∞ –∏ –ø—Ä–æ–≤–æ–¥–∏–º –º–∞—Ä–∫–µ—Ç–∏–Ω–≥–æ–≤–æ–µ –∏—Å—Å–ª–µ–¥–æ–≤–∞–Ω–∏–µ —Ä—ã–Ω–∫–∞ –¥–∏—Å—Ç–∞–Ω—Ü–∏–æ–Ω–Ω–æ–≥–æ –æ–±—Ä–∞–∑–æ–≤–∞–Ω–∏—è https://docs.google.com/forms/d/e/1FAIpQLScMcLP8TjVQcEFxon3TjlfuQVi4RvpH0rtd-oFxfCip1AlAGw/viewform?c=0&w=1"
8,689,690,173458547,1479990714,0,–í–æ —Å–∫–æ–ª—å–∫–æ —Ç–æ—á–Ω–æ –≤–µ–±–∏–Ω–∞—Ä?)
9,689,694,336340028,1480315818,0,"[id173458547|–î–∞—Ä—å—è], 
–ø–æ–¥–∫–ª—é—á–∞–π—Ç–µ—Å—å –ø–æ —Å—Å—ã–ª–∫–µ d 10:00! –ñ–¥–µ–º –≤–∞—Å! https://my.webinar.ru/event/872790 
#–≤–µ–±–∏–Ω–∞—Ä #–ø—Ä—è–º–æ–π—ç—Ñ–∏—Ä"
10,683,684,36415,1479888590,0,–º–∞–ª–µ–Ω—å–∫–∏–µ –∑–æ–º–±–∏–∫–∏)))
11,683,685,33160614,1479893040,2,–ê –º—É–∂—á–∏–Ω–∞–º —Ç–∞–∫–æ–≥–æ –≤–æ–ø—Ä–æ—Å–∞ –Ω–∏–∫—Ç–æ –Ω–µ –∑–∞–¥–∞–µ—Ç? –ü–æ—á–µ–º—É –∞–ª—å—Ç–µ—Ä–Ω–∞—Ç–∏–≤–∞ –≤ —Ç–∞–∫–æ–º –∫–ª—é—á–µ —Ç–æ–ª—å–∫–æ –∂–µ–Ω—â–∏–Ω–∞–º –ø—Ä–µ–¥–ª–∞–≥–∞–µ—Ç—Å—è?
12,683,688,336340028,1479984937,0,"–•–æ—Ä–æ—à–∏–π –≤–æ–ø—Ä–æ—Å) –ù–∞–≤–µ—Ä–Ω–æ–µ, —ç—Ç–æ —Å–≤—è–∑–∞–Ω–æ —Å –±–∏–æ–ª–æ–≥–∏—á–µ—Å–∫–∏–º–∏ –æ—Å–æ–±–µ–Ω–Ω–æ—Å—Ç—è–º–∏ –∂–µ–Ω—â–∏–Ω."
13,671,672,3943765,1479715317,0,"–ö—Å—É–ø–µ—Ö—É, –≥–æ–≤–æ—Ä–∏—Ç–µ? –ü—Ä—è–º —Ç–∞–∫ –∑–∞–º–∞–Ω—á–∏–≤–æ)"
14,667,668,42441672,1479475628,0,–ò–∑ –∫–∞–∫–æ–≥–æ —ç—Ç–æ —Ñ–∏–ª—å–º–∞? –Ø —Ö–æ—á—É –µ–≥–æ –ø–æ—Å–º–æ—Ç—Ä–µ—Ç—å)
15,667,670,42441672,1479560218,0,"[id180868391|–Ø–∫–æ–≤], –æ—Ö,–Ω–µ–≤–Ω–∏–º–∞—Ç–µ–ª—å–Ω–∞—è —è)—Å–ø–∞—Å–∏–±–æ)"
16,667,686,33160614,1479893172,0,"–û–±—ã—á–Ω–æ —Ä–∞–±–æ—Ç–æ–¥–∞—Ç–µ–ª–∏ –Ω–∞ —Ç–∞–∫–∏–µ –∑–∞—è–≤—ã –≥–æ–≤–æ—Ä—è—Ç: ""–ö–∞—Ç–∏—Å—å –æ—Ç—Å—é–¥–∞. –ù–µ–∑–∞–º–µ–Ω–∏–º—ã—Ö —É –Ω–∞—Å –Ω–µ—Ç"""
17,631,632,304118669,1478415184,1,"–í–æ—Ç –≥–¥–µ –±—ã–ª–∏ —ç–º–æ—Ü–∏–∏ —Ç–∞–∫ —ç—Ç–æ –Ω–∞ –Ω–∞—à–µ–º –∫—Ä—É–≥–ª–æ–º —Å—Ç–æ–ª–µ –ø–æ –±–∞—Ç–∞—Ä–µ–π–∫–∞–º ! –ñ–∞–ª—å –Ω–µ —Å–¥–µ–ª–∞–ª–∏ –≤–∏–¥–µ–æ–∑–∞–ø–∏—Å—å. –≠–º–æ—Ü–∏–∏, —ç–º–æ—Ü–∏–∏ - —Ä–µ–∑—É–ª—å—Ç–∞—Ç–∞ –Ω–∏ –∫–∞–∫–æ–≥–æ."
18,626,627,174880567,1478244239,0,"–ë–∞–∑–æ–≤–∞—è –º—É–∂–µ—Å—Ç–≤–µ–Ω–Ω–æ—Å—Ç—å. )
–ù–∞–¥–æ –±—ã –±—É–∫–≤—ã —Å–¥–µ–ª–∞—Ç—å –ø–æ–±–æ–ª—å—à–µ, –∞ —Ç–æ –ø—Ä–∏—à–ª–æ—Å—å –Ω–∞–ø—Ä—è–≥–∞—Ç—å –≥–ª–∞–∑–∞. )"
19,626,636,336340028,1478513935,1,"[id174880567|–í–∏–∫—Ç–æ—Ä], —Å–ø–∞—Å–∏–±–æ –∑–∞ –∫–æ–º–º–µ–Ω—Ç–∞—Ä–∏–π, –ø—Ä–∏–º–µ–º –∫ —Å–≤–µ–¥–µ–Ω–∏—é!"
20,568,613,95298604,1477378205,0,"—ç—Ç–æ –º–æ–π –∫—É–º–∏—Ä!!!!!!!!! —á–∏—Ç–∞–ª–∏ –∫–Ω–∏–≥—É ""–∫ —á–µ—Ä—Ç—É –≤—Å–µ!–±–µ—Ä–∏—Å—å –∏ –¥–µ–ª–∞–π!""?"
21,495,496,146589289,1472491444,0,"–ë—ã—Ç—å –ª–∏–¥–µ—Ä–æ–º —Ç–∞–∫–∞—è –∂–µ —Å–ø–æ—Å–æ–±–Ω–æ—Å—Ç—å –∫–∞–∫ –∏ –º—É–∑—ã–∫–∞–ª—å–Ω—ã–π —Å–ª—É—Ö.
–ò–ª–∏ —É–º–µ–Ω–∏–µ —Å–æ—á–∏–Ω—è—Ç—å —Å—Ç–∏—Ö–∏. 
–ß—Ç–æ —Ç–æ –Ω–µ –≤–∏–¥–Ω–æ –º–∏–ª–ª–∏–æ–Ω—ã –ü—É—à–∫–∏–Ω—ã—Ö –∏–ª–∏ –†–æ—Ö–º–∞–Ω–∏–Ω–æ–≤—ã—Ö. 
–û–Ω–æ –∏ –ø–æ–Ω—è—Ç–Ω–æ —Å–ª—É—Ö –º–æ–∂–Ω–æ –ø—Ä–æ–≤–µ—Ä–∏—Ç—å. 
–ê –æ–±—É—á–∞—Ç—å –ª–∏–¥–µ—Ä—Å—Ç–≤—É –≤—ã–≥–æ–¥–Ω–µ–µ –≤—Å–µ—Ö –ø–æ–¥—Ä—è–¥ –Ω–µ–∂–µ–ª–∏ –≤–≤–æ–¥–∏—Ç—å –∫–∞–∫–æ–π —Ç–æ –æ—Ç–±–æ—Ä"
22,495,497,336340028,1472566080,0,"[id146589289|Happi], —Å—á–∏—Ç–∞–µ—Ç–µ, —á—Ç–æ –µ—Å–ª–∏ —á–µ–ª–æ–≤–µ–∫ –Ω–µ —Ä–æ–¥–∏–ª—Å—è —Å –ª–∏–¥–µ—Ä—Å–∫–∏–º–∏ –∫–∞—á–µ—Å—Ç–≤–∞–º–∏, —Ç–æ –µ–º—É –∏ –Ω–µ —Å—É–∂–¥–µ–Ω–æ –∏—Ö –ø—Ä–∏–æ–±—Ä–µ—Å—Ç–∏? :)"
23,495,499,146589289,1472568734,0,"[id336340028|–°–µ—Ä–≥–µ–π], —Ç–∞–∫–∞—è –ø–æ–∑–∏—Ü–∏—è –∫—Ä–∞–π–Ω–µ –Ω–µ –≤—ã–≥–æ–¥–Ω–∞ –¥–ª—è –ø—Ä–æ–¥–∞—é—â–∏—Ö –∫—É—Ä—Å—ã –ª–∏–¥–µ—Ä—Å—Ç–≤–∞. –ù–æ —ç—Ç–æ –¥–µ–π—Å—Ç–≤–∏—Ç–µ–ª—å–Ω–æ —Ç–∞–∫.
–õ—É—á—à–µ –∑–∞–Ω–∏–º–∞—Ç—å—Å—è —Ç–µ–º —É —á–µ–º—É –µ—Å—Ç—å —Å–ø–æ—Å–æ–±–Ω–æ—Å—Ç–∏."
24,495,500,143071961,1472715433,0,"[id146589289|Happi], –ê–≥–∞ ) –ü–æ–ª–Ω–æ—Å—Ç—å—é —Å–æ–≥–ª–∞—Å–µ–Ω. –ï—â–µ –¥–æ–±–∞–≤–ª—é –æ—Ç—Å–µ–±—è—Ç–∏–Ω—ã –Ω–µ–º–Ω–æ–≥–æ.. –ù–µ –ª—é–±–ª—é —á–µ—Ä—á–∏–ª–ª—è. –õ—é–±–∏—Ç–µ–ª—å –µ–≤–≥–µ–Ω–∏–∫–∏. –ï—â–µ —Ç–æ–π, –∫–æ—Ç–æ—Ä–∞—è –±—ã–ª–∞ –≤ –ø–æ–ª–∏—Ç–∏–∫—É –ø—Ä–µ–≤—Ä–∞—â–µ–Ω–∞ –≤ –µ–≥–æ –≥–æ–¥—ã. –°–µ–π—á–∞—Å –≤—Å–µ –±–æ–ª—å—à–µ —Å—Ç–æ—Ä–æ–Ω–Ω–∏–∫–æ–≤, –Ω–æ –ø–∞—Å—Å–∏–≤–Ω–æ–π"
25,495,503,336340028,1472901955,0,"[id143071961|–†–µ–Ω–∞—Ç], —Å–ø–∞—Å–∏–±–æ –∑–∞ –Ω–∞–≤–æ–¥–∫—É, –∏–Ω—Ç–µ—Ä–µ—Å–Ω–æ –∏–∑—É—á–∏—Ç—å :)"
26,478,488,47405979,1472233437,0,"–î—Ä—É–∑—å—è, —è –ø—Ä–æ–±—É—é —Å–æ—á–∏–Ω—è—Ç—å —Å—Ç–∏—Ö–∏, –º–æ–∂–µ—Ç –∫—Ç–æ-–Ω–∏–±—É–¥—å –∏–∑ –≤–∞—Å –æ—Ü–µ–Ω–∏—Ç https://vk.com/introvertka.poetry"
27,416,417,67319813,1469203382,0,+
28,416,421,38537242,1469478007,0,+
29,391,393,67319813,1468308785,0,"–ò—Å—Ç–∏–Ω—ã –≤—Å–µ–º –∏–∑–≤–µ—Å—Ç–Ω—ã–µ, –Ω–æ –≤–∞–∂–Ω–æ –ø–æ—á–∞—â–µ –æ –Ω–∏—Ö –ø–æ–º–Ω–∏—Ç—å –∏ –ø—Ä–∏–º–µ–Ω—è—Ç—å –Ω–∞ –ø—Ä–∞–∫—Ç–∏–∫–µüòäüëç"
30,391,395,-108367462,1468310650,0,"[id67319813|–¢–∞—Ç—å—è–Ω–∞], –∏–º–µ–Ω–Ω–æ :)"
31,385,387,67319813,1468297867,0,–ö–∞–∫–æ–µ –æ–Ω–æ –±—ã—Å—Ç—Ä–æ—Ç–µ—á–Ω–æ–µ –ª–µ—Ç–æüòä
32,385,389,-108367462,1468306365,0,"[id67319813|–¢–∞—Ç—å—è–Ω–∞], –≤–∞–∂–Ω–æ —É—Å–ø–µ—Ç—å –∏–º –Ω–∞—Å–ª–∞–¥–∏—Ç—å—Å—è) –ï—Å—Ç—å –∏–¥–µ–∏, –∫–∞–∫ –∏ –≥–¥–µ –µ–≥–æ –ø—Ä–æ–≤–µ—Å—Ç–∏?"
33,385,392,67319813,1468308468,0,"üòä–°–ü–ê–°–ò–ë–û! –ò–¥–µ–π –º–Ω–æ–≥–æ, –∑–∞–≤—Ç—Ä–∞ –≤ –æ—Ç–ø—É—Å–∫ –¥–æ–ª–≥–æ–∂–¥–∞–Ω–Ω—ã–π!!!üëØüëØüëØüåûüåûüåû"
34,385,394,-108367462,1468310619,0,"[id67319813|–¢–∞—Ç—å—è–Ω–∞], –æ–æ–æ, —Ç–æ–≥–¥–∞ —Ö–æ—Ä–æ—à–µ–≥–æ –æ—Ç–¥—ã—Ö–∞ :)"
35,385,396,67319813,1468348196,0,üòÄ–ë–ª–∞–≥–æ–¥–∞—Ä—é!
36,382,383,180860091,1468240433,2,1–∫ –ø–æ–¥–ø–∏—Å—á–∏–∫ )
37,382,384,-108367462,1468263576,0,"[id180860091|Svyatoslav], —É—Ä–∞!)"
38,378,388,198872953,1468302558,0,–í–æ—Ç –∏–º–µ–Ω–Ω–æ
39,378,390,-108367462,1468307449,0,"[id198872953|Lola], –∑–Ω–∞–∫–æ–º–æ, –¥–∞?)"
40,371,372,67319813,1467656025,0,üòÄ
41,344,355,30173500,1467014453,0,"–í–æ—Ç —ç—Ç–æ –¥–∞, –∫—Ä—É—Ç–æ! –î–∞–≤–Ω–æ –∏—Å–∫–∞–ª–∞ –º—É–∑—ã–∫—É, –ø–æ–¥ –∫–æ—Ç–æ—Ä—É—é –º–æ–≥—É —Ä–µ–¥–∞–∫—Ç–∏—Ä–æ–≤–∞—Ç—å —Ç–µ–∫—Å—Ç—ã –∏ –∫–æ—Ç–æ—Ä–∞—è –Ω–µ –±—É–¥–µ—Ç –æ—Ç–≤–ª–µ–∫–∞—Ç—å. *_*"
42,344,365,336340028,1467444758,0,"[id30173500|–ù–∞–¥–µ–∂–¥–∞], üòâ"
43,340,341,3787291,1466262197,0,"–≠—Ç–æ –æ—Ñ–∏—Å—ã, –≥–¥–µ —Ä–∞–±–æ—Ç–∞–µ—Ç –≥–æ—Ä—Å—Ç–∫–∞ –ª—é–¥–µ–π, –æ–±—Å–ª—É–∂–∏–≤–∞—é—â–∏—Ö –≤–µ—Å—å –º–∏—Ä. –û–Ω–∏ —ç—Ç–æ–≥–æ –¥–æ—Å—Ç–æ–π–Ω—ã)"
44,340,342,-108367462,1466275712,0,"[id3787291|–û–ª–µ–≥], –≤—Å–µ –¥–æ—Å—Ç–æ–π–Ω—ã. –°—Ç–æ–∏—Ç —Ç–æ–ª—å–∫–æ –∑–∞—Ö–æ—Ç–µ—Ç—å :)"
45,295,309,123512770,1464829045,1,"–û—á–µ–Ω—å –∏–Ω—Ç–µ—Ä–µ—Å–Ω–æ, —Å–ø–∞—Å–∏–±–æ –∑–∞ —Ç–∞–∫–æ–π –ø—Ä–æ–¥—É–∫—Ç–∏–≤–Ω—ã–π –∫—É—Ä—Å:))"
46,295,310,-108367462,1464851310,0,"[id123512770|–¢–∞—Ç—å—è–Ω–∞], –±—É–¥–µ–º —Ä–∞–¥—ã —É–≤–∏–¥–µ—Ç—å –≤–∞—à –æ—Ç–∑—ã–≤ –≤ —ç—Ç–æ–π —Ç–µ–º–µ ‚Äî https://vk.com/topic-108367462_34221608 üòä"
47,294,299,78882453,1464602963,0,"—É –º–µ–Ω—è –±—ã–ª. –ù–æ —Å–∫–æ—Ä–µ–µ –Ω–µ —Å–∞–º—ã–π –∑–∞–±–∞–≤–Ω—ã–π. –ü—Ä–æ—Å—Ç–æ. –Ø –æ—Ç–æ—Å–ª–∞–ª–∞ —Ä–µ–∑—é–º–µ, —Ñ–æ—Ç–æ –Ω–µ —Ç—Ä–µ–±–æ–≤–∞–ª–æ—Å—å. –†–∞–±–æ—Ç–æ–¥–∞—Ç–µ–ª—å –∑–∞–∑–≤–∞–ª –º–µ–Ω—è –Ω–∞ —Å–æ–±–µ—Å–µ–¥–æ–≤–∞–Ω–∏–µ —Å–∞–º—ã–º –¥—Ä—É–∂–µ–ª—é–±–Ω—ã–º —Ç–æ–Ω–æ–º, –ø–æ —Ö–∞—Ä–∞–∫—Ç–µ—Ä–∏—Å—Ç–∏–∫–∞–º —è –æ—á–µ–Ω—å –ø–æ–¥—Ö–æ–¥–∏–ª–∞. –ù–æ –ø—Ä–∏–¥—è, —è –≤–Ω–µ—à–Ω–µ –µ–º—É –Ω–µ –ø–æ–Ω—Ä–∞–≤–∏–ª–∞—Å—å, –æ–Ω –¥–∞–∂–µ –Ω–µ –≤–ø—É—Å—Ç–∏–ª –≤ –∫–∞–±–∏–Ω–µ—Ç, –≥–ª—è–Ω—É–≤ –Ω–∞ –º–µ–Ω—è. –°—Ä–∞–∑—É –æ—Ç–∫–∞–∑–∞–ª. –ñ–¥–∞–ª –ü–∞–º–µ–ª—É –ê–Ω–¥–µ—Ä—Å–æ–Ω —è–≤–Ω–æ, –∞ –ø—Ä–∏—à–ª–∞ –ü—É—à–∫–∞—Ä–µ–≤–∞, —Ö–æ—Ç—å –∏ —Å –æ–±—Ä–∞–∑–æ–≤–∞–Ω–∏–µ–º. –í–µ—Ä–Ω—É–≤—à–∏—Å—å –¥–æ–º–æ–π, —è –ø–æ–ª—É—á–∏–ª–∞ –Ω–æ–≤–æ–µ –ø–∏—Å—å–º–æ, —á—Ç–æ –æ–Ω –º–µ–Ω—è –≤—Å–µ –µ—â–µ –∂–¥–µ—Ç. –û–Ω –Ω–µ –ø–æ–Ω—è–ª, —á—Ç–æ –ø—Ä–∏—Ö–æ–¥–∏–ª–∞ –∏–º–µ–Ω–Ω–æ —è. –ù–µ —Å—Ç–µ—Å–Ω—è—è—Å—å –≤ –≤—ã—Ä–∞–∂–µ–Ω–∏—è—Ö, —è –æ—Ç–æ—Å–ª–∞–ª–∞ –µ–º—É, —á—Ç–æ –¥—É–º–∞—é –æ –µ–≥–æ –ø–æ–≤–µ–¥–µ–Ω–∏–∏. –¢–µ—Ä—è—Ç—å –º–Ω–µ –±—ã–ª–æ –Ω–µ—á–µ–≥–æ, —Ä–∞–±–æ—Ç–∞ –∫—Ä–∞—Å–∏–≤–æ–π –ø–æ–ø–æ–π –º–µ–Ω—è –Ω–µ –ø—Ä–µ–ª—å—â–∞–ª–∞."
48,294,300,-108367462,1464604391,0,"[id78882453|–ì–µ–æ—Ä–≥–∏–Ω–∞], –∏–Ω—Ç–µ—Ä–µ—Å–Ω–∞—è –∏—Å—Ç–æ—Ä–∏—è :) –ö–∞–∫–∏–µ-—Ç–æ –≤—ã–≤–æ–¥—ã –∏–∑ –Ω–µ—ë —Å–¥–µ–ª–∞–ª–∏?"
49,294,301,78882453,1464604466,0,"–∞ –∫–∞–∫–∏–µ —Ç—É—Ç —Å–¥–µ–ª–∞–µ—à—å? —á–µ–ª–æ–≤–µ–∫ –∏—Å–∫–∞–ª —Å–µ–∫—Ä–µ–¢–£–¢–ö–£))) –±–æ–ª—å—à–µ —è —Ç–∞–∫—É—é –≤–∞–∫–∞–Ω—Å–∏—é –Ω–µ —Ä–∞—Å—Å–º–∞—Ç—Ä–∏–≤–∞–ª–∞ —Å–æ–≤—Å–µ–º –Ω–∏–≥–¥–µ, —á—Ç–æ–± –∫–∞–∑—É—Å–æ–≤ –Ω–µ –±—ã–ª–æ, –ø–æ–º–µ–Ω—è–ª–∞ –≤–∞—Ä–∏–∞–Ω—Ç –∑–∞–ø—Ä–æ—Å–∞."
50,294,302,-108367462,1464606763,0,"[id78882453|–ì–µ–æ—Ä–≥–∏–Ω–∞], –≤–æ—Ç –≤–∞–º –∏ –≤—ã–≤–æ–¥ :)"
51,273,274,4149406,1463684179,0,–ú–Ω–µ –ø–æ–º–æ–≥–∞—é—Ç –ø—É—Ç–µ—à–µ—Å—Ç–≤–∏—è)
52,273,275,37259,1463692700,1,"–Ø –≤—Å–µ–≥–¥–∞ –∑–∞–¥–∞—é —Å–µ–±–µ –≤–æ–ø—Ä–æ—Å: –µ—Å–ª–∏ –Ω–µ —è –±—É–¥—É —É–ø—Ä–∞–≤–ª—è—Ç—å —Å–≤–æ–∏–º–∏ —Å–∏–ª–∞–º–∏ –∏ —ç–º–æ—Ü–∏—è–º–∏, —Ç–æ –∫—Ç–æ? –ú–Ω–µ –æ—Ç —Å—Ç—Ä–µ—Å—Å–∞ –ø–æ–º–æ–≥–∞–µ—Ç –≤–µ–ª–∏–∫, –¥–µ—Ç—Å–∫–æ–µ –∫–∏–Ω–æ, –∏ –¥–∞, –±–æ–∫–∞–ª –≤–∏–Ω–∞ –∑–∞ —É–∂–∏–Ω–æ–º. –ü—É—Ç–µ—à–µ—Å—Ç–≤–∏—è –∫–æ–Ω–µ—á–Ω–æ, —Ö–æ—Ä–æ—à–æ, –Ω–æ –Ω–µ –≤—Å–µ–≥–¥–∞ –≤–æ–∑–º–æ–∂–Ω–æ) 
–ê—Ö –¥–∞, –∏ –∫–æ–Ω–µ—á–Ω–æ, –≥–æ—Ä—è—á–∞—è –≤–∞–Ω–Ω–∞ —Å —Å–æ–ª—å—é, –º—è—Ç–æ–π –∏ –ø–µ–Ω–æ–π...–º–º–º"
53,273,276,-108367462,1463724610,1,"[id37259|–°–≤–µ—Ç–ª–∞–Ω–∞], —Ö–æ—Ä–æ—à–∏–µ –ø—Ä–∏—ë–º—ã) –ß–∞—Å—Ç–æ –ø—Ä–∏—Ö–æ–¥–∏—Ç—Å—è –ø–æ–ª—å–∑–æ–≤–∞—Ç—å—Å—è?"
54,273,278,37259,1463730205,0,"[club108367462|–û–Ω–ª–∞–π–Ω-–∫—É—Ä—Å—ã –ø–æ —Å–∞–º–æ—Ä–∞–∑–≤–∏—Ç–∏—é: TalentEdme.ru], —á–∞—Å—Ç–æ :) –±–∞–Ω—è –µ—â—ë –ø–æ–º–æ–≥–∞–µ—Ç —Ä–∞–∑ –≤ –¥–≤–µ –Ω–µ–¥–µ–ª–∏, –±–ª–∞–≥–æ –∏—Ö –ú–æ—Å–∫–≤–µ –Ω–∞ –≤—ã–±–æ—Ä))"
55,266,267,312194781,1463565850,0,
56,266,268,-108367462,1463567154,0,"[id312194781|–Æ–ª–∏—è], –∑–Ω–∞–∫–æ–º–æ?)"
57,266,270,22193684,1463668093,0,–ó–∞–¥–æ—Ä–Ω–æ –Ω–∞–ø–∏—Å–∞–Ω–æ)
58,266,271,-108367462,1463672325,0,"[id22193684|–ú–∞—Ä–∏—è], —Å—Ç–∞—Ä–∞–µ–º—Å—è)"
59,266,279,37259,1463730382,0,"–µ—â—ë —Å—é–¥–∞ –Ω—É–∂–Ω–æ –¥–æ–±–∞–≤–∏—Ç—å –¥–µ–ª–∞–π —Ö–æ—Ç—è –±—ã –æ–¥–Ω–æ –≤ –Ω–µ–¥–µ–ª—é –¥–æ–±—Ä–æ–µ –±–µ—Å–∫–æ—Ä—ã—Å—Ç–Ω–æ–µ –¥–µ–ª–æ, —á—Ç–æ —Ç–æ –æ—á–µ–Ω—å –ø—Ä–æ—Å—Ç–æ–µ –æ—Ç —á–∏—Å—Ç–æ–≥–æ —Å–µ—Ä–¥—Ü–∞)
–≤–∞—Ä–∏–∞–Ω—Ç–æ–≤ –º–∞—Å—Å–∞:
–ø–æ–º–æ–≥–∏ –±–∞–±—É–ª–µ –ø–µ—Ä–µ–π—Ç–∏ –¥–æ—Ä–æ–≥—É, —É–ª—ã–±–Ω–∏—Å—å –≥—Ä—É—Å—Ç–Ω–æ–º—É —á–µ–ª–æ–≤–µ–∫—É –∏ —Ç.–¥."
60,266,280,-108367462,1463734795,0,"[id37259|–°–≤–µ—Ç–ª–∞–Ω–∞], —ç—Ç–æ –ø–æ–º–æ–≥–∞–µ—Ç?)"
61,266,282,37259,1463750832,0,–º–Ω–µ - –¥–∞ :) –º–Ω–µ —Ä–∞–¥–æ—Å—Ç–Ω–æ –∫–æ–≥–¥–∞ —è –º–æ–≥—É —á–µ–º —Ç–æ –ø–æ–º–æ—á—å (–Ω–µ –¥–µ–Ω—å–≥–∞–º–∏)
62,262,264,312194781,1463501777,0,
